1,google.com,https://www.google.com/favicon.ico
2,youtube.com,http://youtube.com/favicon.ico
3,tmall.com,https://www.tmall.com/favicon.ico
4,baidu.com,http://baidu.com/favicon.ico
5,qq.com,https://www.qq.com/?fromdefault
6,facebook.com,http://facebook.com/favicon.ico
7,sohu.com,http://statics.itc.cn/web/static/images/pic/sohu-logo/favicon.ico
8,login.tmall.com,https://login.tmall.com/favicon.ico
9,taobao.com,https://img.alicdn.com/tfs/TB14aHpkeH2gK0jSZJnXXaT1FXa-16-16.ico
10,yahoo.com,https://www.yahoo.com/favicon.ico
11,amazon.com,https://www.amazon.com/favicon.ico
12,360.cn,http://www.360.cn/favicon.ico
14,wikipedia.org,https://en.wikipedia.org/favicon.ico
15,weibo.com,https://weibo.com/favicon.ico
16,sina.com.cn,http://www.sina.com.cn/favicon.ico
17,pages.tmall.com,https://pages.tmall.com/favicon.ico
18,zoom.us,https://d24cgw3uvb9a9h.cloudfront.net/zoom.ico
19,live.com,https://outlook.live.com/owa/
20,reddit.com,https://www.reddit.com/favicon.ico
21,albawabhnews.com,http://albawabhnews.com/favicon.ico
22,netflix.com,https://www.netflix.com/favicon.ico
23,xinhuanet.com,http://xinhuanet.com/favicon.ico
24,microsoft.com,https://www.microsoft.com/favicon.ico
25,okezone.com,https://www.okezone.com/
26,office.com,https://blobs.officehome.msocdn.com/images/content/images/favicon-8f211ea639.ico
27,vk.com,https://vk.com/favicon.ico
28,instagram.com,https://www.instagram.com/favicon.ico
30,csdn.net,https://www.csdn.net/favicon.ico
31,bongacams.com,http://bongacams.com/favicon.ico
32,yahoo.co.jp,https://www.yahoo.co.jp/
33,alipay.com,https://i.alipayobjects.com/common/favicon/favicon.ico
34,youm7.com,https://www.youm7.com/favicon.ico
35,zhanqi.tv,https://www.zhanqi.tv/favicon.ico
36,naver.com,http://www.naver.com/favicon.ico
37,panda.tv,'data:image/vnd.microsoft.icon;base64,AAABAAEAICAAAAEAIACoEAAAFgAAACgAAAAgAAAAQAAAAAEAIAAAAAAAABAAAAAAAAAAAAAAAAAAAAAAAACb0h3/m9Qb/5rSG/+b0h3/mtEc/5rTGv+a0B//mtEc/5vTHP+a0xr/m9Mc/5vTHP+b1Bv/mtMa/5zUHf+c1Rz/mtMc/5nSG/+b0xz/mtIb/5vUG/+b1Bv/m9Mc/5rSG/+a0Rz/mtEc/5vTHP+a0hv/m9Id/5rTGv+a0hv/mtMd/5rTGv+a0hv/m9Mc/5rSG/+a0hv/m9UY/5rSG/+c1hr/nNUc/53WHf+d1xv/ndca/57YG/+e2Rn/nNgY/57aGv+d2Bj/ntkZ/57ZGf+e2Rn/ndgY/5/XGv+e1Rr/n9Ud/53TG/+b0xz/mtIb/5vUG/+Z0B3/m9Id/5nRGv+a0hv/mtEc/5rSG/+a0hv/m9Mc/5zVHP+c1B3/ntgb/53aGP+Z0xr/hrUc/3aZI/9ngSf/WW8n/1dpLv9RXjD/SlI0/0xXMf9SYDD/WGot/1pwKP9mgSv/dZgk/4e3G/+Z0xr/ntoX/57YHP+c1Rz/m9Mc/5vUG/+b0xz/m9If/5nQG/+a0hv/m9Qb/5vTHP+c1Rz/ntkZ/5LJGP9siiX/SlA3/y4oM/8qJC//Kicw/0lGT/9kYGv/bWl0/3h3gP+Dgov/gYCK/3l4gv9qaXP/ZGBr/0dETf8qJzD/KCUu/y0pNP9KUjP/aYoi/5PMFv+e2Rn/ntgc/5rTGv+a1Bj/mtMc/5vTHP+b1Rn/ndcb/5TMGf9bbCz/KSIv/zczPv+Ggo3/xcPJ//Py9P///////v7+/////////////////////v/+/f////7////+///////////+///////x8PT/wb/F/4GAif82Mj3/KyQx/1psKf+Uyxr/ntgb/5zVHP+a0hv/m9Id/57aGP9/qh3/NTE2/0ZDTP/Dwcf//f////3//v/+/v7//v/9/////////v///v7+/////////v///v3//////v////////////////////////////79/////v/////////+//+9u8H/PztG/zIxNf+Arx3/ntkZ/57UHP+e2Rn/gawf/y0nMv9/e4b///7////+/////////v7+//////////7//f78//39/f///v///v3///7+/v/+//3//f39//7+/v///v///f39/////v////7////+//////////////7////////9////eHh+/ygkL/+Eshz/odoa/5nVF/87OTj/eXWB//3////9//////7//////////v7//v/9//79/////v///v/9//7//f/9/vz//v/9///+///+/f///f39//7//f/+/v7//fz+//79///+/v7//v/9//7//f////7////////+//////7/cWx7/zs6Nv+a1hj/a4kk/zAwNv////////////3///////z////+///////8/v7////////9/////v3//v7+//79///9/vz//v7+///+/v/+/f///v7+//7+/v///v7///7+///////9//////7//////P////7///7////+/v/+/f//Lyw1/3CRIv9MVDX/hoWJ/////v////z///7///3///////7////+//////////7//v3///z//f/9/P7//v/9//z+///+/v7///////z+///+//3//fz+//r//v/+/v7///7////////9//////7////+/////////f/8//3//v9+fYH/Tlkz/zQzNf++u73/+/////7+/v/////////////////9/v///f////7+/v////7//v/9///////+/f///v7+//7//f///fz//v7+///+///9/P7///7+/////P/+/v7//////////////f/////+///////////////+/7Wwsv86PDb/Li4u/87My////v3/1dX9/8DA/P+8wPr/wsP7/9bV/f/7+f///f////3//////f////7+//7+/v/+/v7///7+//79///+/v7//v/9//79///+/f///v7+///+///4+P7/09X9/8DD+v++vv7/wMP6/9PV/f////7/w8TC/y0vL/84OjT/u7q2/7Sx//+lqP3/o6r//6qv/v+vrf//p6r//62x///6//7///7///z//f////7//v/9//z+/v////////////3///////z////+/////v///v//+////62u/v+qq///ra7//6uu//+lq/7/pqf9/7e2/v+zsbD/PkA0/0ZON/+Uk5X/8fD//8LC/v+1tP7/n5/l/46Nxf+gosv/5+b//////v///////P7+///9//////z//f/////////9/////f//////+////v//+/////////////7/5OL//56cyv+MjcX/oKDs/7Oz///Dwv//8/P//4qLj/9JVDP/YHUq/1dXV////v///////3l9d/8xLyf/MzQr/zExK/83NC//oqKi/////v///////////7Kxs/9vb2//QkNB/0VFRf9zc3P/t7a4//7+/v/////////+/5ydm/81Mi7/MC8r/zIxLf8vLiT/hYeB//7//f//////UFBQ/2N8Jv98pB3/JiQw////////////KSgk/zIzMf85Ojj/OTk5/zQzNf8qLCz/hYeH//////+UlZH/HB8d/2RjZf9gYGD/Y2Nj/2NkYv8bGhz/np+d//79//97fX7/Ky4s/zQ0NP85Ojj/PDo5/zAxLf8pKib///7///n3/f8nIy7/gawf/5zaFv8vLTP/o6Kr//z+/v8uLTH/NDQ0/z0+PP8+Pj7/PDw8/zY2Nv8uLi7/0tLS/1BQUP+Li4v//////////////////////39/f/9aWlr/xcXF/zAwMP82Njb/PDw8/z49P/8+PT//NDUz/zAvMf/9//7/mZih/zg2Nf+e2hj/n9sZ/2B5Kf87OT///////25vbf80NTP/Ozs7/z49P/8+Pj7/OTk5/zU1Nf9mZmb/nZ2d/8fHx//////////////////+/v7/vb29/6SkpP9fX1//NjY2/zs7O/8+Pj7/PTw+/zo7Of8xMi7/eHd5//7+/v83ND3/Y34o/6DcGf+j3Rr/lc4X/y8tM/+jo6P/4OHf/zExMf83ODb/PD07/z49P/8+Pj7/NDQ0/zo6Ov/+/v7///////Hx8f+ampr/nJyc//b29v///////////zAwMP84ODj/PT09/z08Pv87PDr/NTY0/zExMf/r6uz/mZia/zAtNv+a1hj/ot0X/6LgGP9cajT/MC40/zAvM//u7e//i4qO/zMyNv84ODj/PDw8/zw8PP80NDT/NTU1///////8/Pz/Jycn/yIiIv8kJCT/KSkp////////////MDAw/zY2Nv88PDz/Ojo6/zc2OP80NDT/lJOV/+Xk5v8wLzH/MS43/1ZmMf+h3Rv/dZUo/zkyP/83NTv/NzY4/0RFQ//7/Pr/bG1r/zY0NP82Njb/NDQ0/y0tLf9ubm7///////Pz8/8nJyf/LCws/ysrK/8pKSn//Pz8//////9mZmb/LS0t/zMzM/80NDT/NTU1/3Rzdf/29/X/QEE9/zc3N/84Nzv/NzM+/3CNKv9LVDn/Ojk9/zs8QP86Ozn/ODg4/0RFQ//m5ub/o6Ci/z09Pf8sLCz/WVlZ//X19f/////////////////q6ur/6+vr/////////////////+3t7f9SUlL/LCws/0FBQf+rrKr/5OTk/0BAQP86Ojr/OTo4/zs9Pv87OT//RUo7/z9APP88OkD/PTw+/z08Pv87Ozv/OTo4/zQ0NP+gn6H///7////+///+/f/////////////////////////////+/v7///////////////////////79/////v///v3//5uanP8zMjT/OTg6/zo6Ov89PD7/PT09/zs6Pv88Oz//T1s3/zo4Pv88Oz//PT48/z09Pf86PTv/NDY3/zU0Nv83Njr/j46Q/9zb3f///v///////////////////////////////////v7+///////+/f//2NfZ/4uKjP82NTn/NTQ2/zQ2Nv85Ozv/PDw8/z4/Pf88Oz3/OjdA/0pTOP+Aqyb/NzA9/zs1QP88Oz3/PT09/z09Pf86OD7/NDA7/0RKMf84OzL/JCAs/ywpMv9XVF3/gX6H/5WUmP+ko6X/oqSk/5WTmf+AfoT/V1Vb/ywoNP8lHzD/PUAx/0hSLv80MDv/OTc9/z4+Pv8+Pj7/PDs9/zw3QP83L0D/fKEn/6PiF/9qgy3/Ni1B/zgzQv83NkD/ODRA/zczP/9APzv/l9AZ/6DhE/+JuR3/b48i/1tvJv9OVy//REox/zQzN/8zMjT/Ojg3/09cMP9bdSL/b5Mj/4u9Gf+j4hf/mtUZ/0JDOv83MkH/ODU+/zY2PP83Mz//Ny5C/2V5MP+h3hj/ndcb/6HdGv+HsyT/VWI0/zw7Pf89OT7/XGo0/5XMHf+g3Br/ntgc/5/ZHP+h3Rr/pOUU/6HhFv9JUDX/Ly05/zw6Ov8xKzz/aYkq/6XoFf+l4Rf/n9sZ/53XGv+i2xv/ls8Z/15tM/8+Oz3/PTw+/1JdN/+AqyT/oNwa/53YGP+b1Rn/m9Qb/57XHv+g3Rf/oNwZ/6HeGP+e2hr/ndkb/5zUHf+b0xz/ndUY/6DbG/+d2Rn/TVY1/zApPv9XajH/mtMa/z0+Ov8uKD//b4sr/6DcGf+d2Bj/m9Mc/53THP+d1xv/n9sZ/6HeGP+g3Br/od8X/57ZGf+c1Rz/mtEc/5rRHP+b1Bv/mtMa/5vVGf+c1hr/nNUc/5vVGf+b1Bv/mdQY/5rSG/+f1hv/ntoa/01aNP8tI0H/T1c4/6HdGv+k4xf/kcMh/zgyPf8pIT//dZkn/53XG/+d0xz/m9Ya/5rRHP+b1Bv/m9UZ/5zWGv+b1Bv/m9Mc/5rSG/+b1Bv/mtEe/5rRHP+Z0xr/mdIb/5nRHv+Z0hv/mtIb/5rRHP+a0x3/mtEc/57VGv+d1xr/QkM6/0lSN/+c2Bj/otsa/5/WG/+g3Br/jb0h/zQuP/9mgSv/ntgc/53TG/+Y0Rr/mtEc/5rSG/+Z0hv/mtMd/5nSHP+Z0B//m9Id/5rRHv+b1Bv/mtIb/5nSG/+Y0Rv/mtMc/5jRGv+a0Rz/m9Id/5rSG/+a0hv/mtIb/53XG/+d2Rn/ntoa/53XGv+d0xz/ndMc/5vUG/+c1xv/ntkZ/57YHP+Z1Bj/nNQd/5zQHv+a0Rz/mtIb/5nSHP+a0x3/mdIb/5nSG/+a0hv/m9Mc/5rTHP+c0x7/mtMa/53THP+c0hv/nNYa/5rTGv+b0xz/mtMa/5rRHv+a0xr/m9Qb/53TG/+d0xz/mtMa/5rTHf+Z0hz/mtQY/5rUGP+d0xv/ndMc/5vUG/+a0xr/mtEc/5rTHP+b0xz/m9Qb/5zRHP+d0xv/mtMa/5vUG/+b0h3/AAAAAAAAAAAAAAAAAAAAAAAAAAAAAAAAAAAAAAAAAAAAAAAAAAAAAAAAAAAAAAAAAAAAAAAAAAAAAAAAAAAAAAAAAAAAAAAAAAAAAAAAAAAAAAAAAAAAAAAAAAAAAAAAAAAAAAAAAAAAAAAAAAAAAAAAAAAAAAAAAAAAAAAAAAA='
38,blogspot.com,http://www.blogger.com/favicon.ico
39,google.com.hk,https://www.google.com.hk/favicon.ico
40,twitch.tv,https://www.twitch.tv/favicon.ico
42,bing.com,http://www.bing.com/favicon.ico
43,ebay.com,https://www.ebay.com/favicon.ico
44,aliexpress.com,https://www.aliexpress.com/favicon.ico
45,stackoverflow.com,https://cdn.sstatic.net/Sites/stackoverflow/Img/favicon.ico?v=ec617d715196
46,amazon.in,https://www.amazon.in/favicon.ico
47,apple.com,https://www.apple.com/favicon.ico
48,twitter.com,http://twitter.com/favicon.ico
49,tianya.cn,http://www.tianya.cn
50,china.com.cn,http://www.china.com.cn/favicon.ico
51,adobe.com,https://www.adobe.com/favicon.ico
52,amazon.co.jp,https://www.amazon.co.jp/favicon.ico
53,livejasmin.com,http://livejasmin.com/favicon.ico
54,chaturbate.com,http://chaturbate.com/favicon.ico
55,yandex.ru,http://yandex.st/lego/_/pDu9OWAQKB0s2J9IojKpiS_Eho.ico
56,google.co.in,https://www.google.co.in/favicon.ico
57,linkedin.com,https://www.linkedin.com/favicon.ico
58,tribunnews.com,https://www.tribunnews.com/favicon.ico
59,yy.com,http://www.yy.com/favicon.ico
60,dropbox.com,https://cfl.dropboxstatic.com/static/images/favicon-vflUeLeeY.ico
61,huanqiu.com,http://rs2.huanqiucdn.cn/huanqiu/image/www/common/favicon1.ico
62,sogou.com,http://www.sogou.com/favicon.ico
63,cnn.com,http://www.cnn.com/favicon.ico
64,mail.ru,https://mail.ru/favicon.ico
65,msn.com,http://www.msn.com/favicon.ico
66,alwafd.news,https://alwafd.news/favicon.ico
67,pornhub.com,https://www.pornhub.com/favicon.ico
68,aparat.com,https://www.aparat.com/favicon.ico
69,trello.com,https://trello.com/favicon.ico
70,google.cn,http://www.google.cn/favicon.ico
71,whatsapp.com,http://whatsapp.com/favicon.ico
72,alibaba.com,https://www.alibaba.com/favicon.ico?__redirected__=1
73,babytree.com,http://babytree.com/favicon.ico
74,wordpress.com,https://wpcom.files.wordpress.com/2017/11/cropped-wordpress.png?w=16
75,blogger.com,http://www.blogger.com/favicon.ico
76,google.co.jp,https://www.google.co.jp/favicon.ico
77,amazonaws.com,https://aws.amazon.com/
78,bbc.com,https://www.bbc.com/favicon.ico
79,sindonews.com,https://www.sindonews.com/
80,imdb.com,https://ia.media-imdb.com/images/G/01/imdb/images/favicon-2165806970
81,so.com,https://www.so.com/favicon.ico
82,1688.com,https://img.alicdn.com/tfs/TB1uh..zbj1gK0jSZFuXXcrHpXa-16-16.ico
83,17ok.com,http://17ok.com/favicon.ico
84,etsy.com,https://www.etsy.com/favicon.ico
85,detail.tmall.com,http://err.tmall.com/error1.html
86,imgur.com,https://imgur.com/favicon.ico
87,rakuten.co.jp,https://www.rakuten.co.jp/favicon.ico
88,amazon.co.uk,https://www.amazon.co.uk/favicon.ico
89,booking.com,https://cf.bstatic.com/static/img/b25logo/favicon/ebc77706da3aae4aee7b05dadf182390f0d26d11.ico
90,google.com.br,https://www.google.com.br/favicon.ico
91,google.de,https://www.google.de/favicon.ico
92,soso.com,http://soso.com/soso/images/favicon_new.ico
93,spotify.com,https://www.scdn.co/i/_global/favicon.ico
94,jrj.com.cn,http://www.jrj.com.cn/favicon.ico
95,nytimes.com,https://www.nytimes.com/favicon.ico
96,mama.cn,https://www.mama.cn/favicon.ico
97,flipkart.com,https://img1a.flixcart.com/www/promos/new/20150528-140547-favicon-retina.ico
99,roblox.com,https://www.roblox.com/favicon.ico
100,udemy.com,https://www.udemy.com/staticx/udemy/images/v6/favicon.ico
101,dostor.org,http://dostor.org/favicon.ico
102,kompas.com,https://asset.kompas.com/data/2017/wp/images/favicon2017.ico
103,amazon.de,https://www.amazon.de/favicon.ico
104,xvideos.com,http://xvideos.com/favicon.ico
105,okta.com,https://www.okta.com/favicon.ico
106,office365.com,https://www.microsoft.com/en-us/microsoft-365?ms.url=office365com&rtc=1
107,google.fr,https://www.google.fr/favicon.ico
108,paypal.com,https://www.paypalobjects.com/favicon.ico
109,pixnet.net,https://www.pixnet.net/
110,grid.id,https://asset-a.grid.id/img/grid-icon.ico
111,ok.ru,https://ok.ru/favicon.ico
112,tumblr.com,https://www.tumblr.com/favicon.ico
113,google.es,https://www.google.es/favicon.ico
114,zillow.com,https://www.zillow.com/favicon.ico
115,detik.com,https://www.detik.com/favicon.ico
116,fandom.com,http://fandom.com/favicon.ico
118,soundcloud.com,https://soundcloud.com/favicon.ico
119,cnblogs.com,https://www.cnblogs.com/favicon.ico
120,hao123.com,http://www.hao123.com/favicon.ico
121,haosou.com,https://www.so.com/favicon.ico
122,github.com,https://github.com/favicon.ico
123,digikala.com,https://www.digikala.com/favicon.ico
124,google.ru,https://www.google.ru/favicon.ico
125,canva.com,https://www.canva.com/favicon.ico
126,discord.com,http://discord.com//assets/07dca80a102d4149e9736d4b162cff6f.ico
127,chase.com,https://www.chase.com/favicon.ico
128,xhamster.com,http://xhamster.com/favicon.ico
129,tradingview.com,https://www.tradingview.com/favicon.ico
130,google.it,https://www.google.it/favicon.ico
131,liputan6.com,https://www.liputan6.com/favicon.ico
132,thestartmagazine.com,http://thestartmagazine.com/favicon.ico
133,gome.com.cn,https://www.gome.com.cn/favicon.ico
134,wetransfer.com,https://prod-cdn.wetransfer.net/packs/media/images/favicon-a34a7465.ico
135,theguardian.com,https://www.theguardian.com/favicon.ico
136,espn.com,https://www.espn.com/favicon.ico
137,indiatimes.com,https://www.indiatimes.com/favicon.ico
138,daum.net,https://www.daum.net/favicon.ico
139,stackexchange.com,https://cdn.sstatic.net/Sites/stackexchange/Img/favicon.ico
140,shutterstock.com,https://ak.picdn.net/assets/cms/sstk-favicon-32.png
141,salesforce.com,https://www.salesforce.com/etc/designs/sfdc-www/en_us/favicon.ico
142,nih.gov,https://www.nih.gov/favicon.ico
143,google.com.tw,https://www.google.com.tw/favicon.ico
146,indeed.com,http://indeed.com//images/favicon.ico
147,intuit.com,https://www.intuit.com/etc/designs/harmony/images/favicon/icom/favicon.ico
148,google.co.uk,https://www.google.co.uk/favicon.ico
149,wellsfargo.com,https://www.wellsfargo.com/favicon.ico
150,yao.tmall.com,http://yao.tmall.com/favicon.ico
151,tokopedia.com,https://m.tokopedia.com/favicon.ico
152,craigslist.org,https://craigslist.org/favicon.ico
153,aliyun.com,https://www.alibaba.com/favicon.ico
154,speedtest.net,https://www.speedtest.net/favicon.ico
155,6.cn,https://www.6.cn
156,bbc.co.uk,https://www.bbc.co.uk/favicon.ico
157,avito.ru,https://www.avito.ru/favicon.ico
158,grammarly.com,https://www.grammarly.com:443/favicon.ico
159,savefrom.net,https://us.savefrom.net
160,google.com.sg,https://www.google.com.sg/favicon.ico
161,forbes.com,https://www.forbes.com/favicon.ico
162,usps.com,https://www.usps.com/favicon.ico
163,cnet.com,https://www.cnet.com/favicon.ico
164,unsplash.com,https://unsplash.com/favicon.ico
165,ilovepdf.com,https://www.ilovepdf.com/favicon.ico
166,worldometers.info,https://www.worldometers.info/404.shtml
167,investing.com,https://www.investing.com/favicon.ico
168,google.com.mx,https://www.google.com.mx/favicon.ico
169,ups.com,https://www.ups.com/favicon.ico
170,tiktok.com,https://www.tiktok.com/favicon.ico
171,wix.com,https://www.wix.com/favicon.ico
172,vimeo.com,http://vimeo.com/favicon.ico
173,google.com.tr,https://www.google.com.tr/favicon.ico
174,walmart.com,https://www.walmart.com/favicon.ico
175,duckduckgo.com,http://duckduckgo.com/favicon.ico
176,weather.com,https://weather.com/favicon.ico
177,instructure.com,http://instructure.com//themes/instructure_blog/images/favicon.ico
178,pinterest.com,https://www.pinterest.com/favicon.ico
179,homedepot.com,https://www.homedepot.com/favicon.ico
180,google.ca,https://www.google.ca/favicon.ico
181,healthline.com,https://www.healthline.com/favicon.ico
182,ebay.de,https://www.ebay.de/favicon.ico
183,force.com,https://www.salesforce.com/etc/designs/sfdc-www/en_us/favicon.ico
184,ikea.com,https://www.ikea.com/favicon.ico
185,mediafire.com,https://www.mediafire.com/favicon.ico
186,amazon.ca,https://www.amazon.ca/favicon.ico
187,godaddy.com,http://img6.wsimg.com/ux/favicon/favicon-16x16.png
188,pexels.com,http://pexels.com//favicon.ico
189,zhihu.com,https://www.zhihu.com/favicon.ico
190,bilibili.com,https://www.bilibili.com/favicon.ico
191,washingtonpost.com,https://www.washingtonpost.com/favicon.ico
192,iqoption.com,https://iqoption.com/favicon.ico
193,bestbuy.com,https://bestbuy.com/favicon.ico
194,iqiyi.com,http://www.iqiyi.com/favicon.ico
195,envato.com,'data:image/png;base64,iVBORw0KGgoAAAANSUhEUgAAAEAAAABACAYAAACqaXHeAAAABGdBTUEAALGPC/xhBQAAB49JREFUeAHVW2tsFFUUvndmW14SEcpL0WBBfgCBSIiISkm3paUPQCBIMMaAiRA1MZGQFKG7tGyhaSDlh7/UGH9IwPgICd3dltLtCkGi+IwIgsIPiCgi2CIttJ2dezx3zSwzs/Patrs7u3/uveece+53vrnvmaUkB36fwDrx1/CtZ2VGqwlhCwiljxGAaUBIL6X0GgA5J4rkg9qKSBTLKHb+o85NM28ZCHtnyAy2IsgNGORDdggw+LOCQFb7Kjsv29kqelcSsKe1ZJ4kg48AWUMICApYJykl9JZIycra6s7TzuydWGXIpunUyrF93T31GPibQEAcbLNxEgiZX7ui85qdj5TYtXM2FH19qHTVva6eCwDw1lCC5xiw/gSZknec4Mn6EHj32815169fauKBOwGcio1HFBfXVnZ8ZVUnqz2gKVwx7c/rl75IR/A8aJnJ262C57qs9YDdbcVzmETbscM+bAdysHpKCeQJwtwdlZHzZj6y0gMaWrxPsRg9mc7gecC4dNIBBq+ZBc/lGScA13ZvjEAE0Y23AjZsOiAv8I2Umb+MEtAQWraQMXIUwTxgBmj45TDpYuutEjO/GSOgMVhaGGNyCCe8MWZg0iWXGdlg5jsjBOyPrigYIKwNR+UkMyDplOPpoMLMf9oJwCdOe3p7DmP6hBmIdMtxYzR5T7BsrlE7aScgEC6pwa1ZqVHjmZTJVPYatZdWAhrCpU8zgIBRw5mWIQ7DiTBtBOw7VjYGJ73D+PQ9mQ7WsD2AZ4zkjglobisfX9/iDdcHvc1GjvSyuzF5JwY/XS/PYrmgqX1Z0q7TEQF8IrsjSQdxMqnAoF62C6KxrXwmbnS22tllWj8gsXn6Nh0REAiV+uLB/1/b9qKhX5IOIGkj9I1lu4zzwHw9BlsCcOtahhV3JSpS0prIG2QCwVKc8QHv7tz3w7NBaj1gT1v5VCaTQxhQgijqgZNWoclErrHSZ1OH96Uz9O0nAtMreFmKSTv47Yqiw0vH/iUjll5Uyvp0d0vxfDes+XpcShmvix9R8kpqSkDDsbJH8bLgVcUwngI5X1xcF9PIVAVG6TZV0Y3ZKQB1mpg1BTViWZJ2Gkxkv6tt1Hk+XPD+Yb1a5ro87kn2hc9oziOGBDS2Lp+O4F/RB4Bd6C+9TCkjYWtxkslTym5N++CeZhgYEjAQk143DIaSbrPAGIW1Zjo3yUH0jFPjMSQAKFSpjZQ8zgmGd4h7wxUTKdAlip2rU5Dz1fiSCIh3f4DZaiNVPsme6yS5/3lcLUSVnXuzIFgTIMlSpSl6IJruk7CjpDiRd3sGmDUBQJg5AdT4ChtXiyfdHncCH1BrAnCYP5cwTsrga2ndjx97sc4sndi1RSowzetzzZjmkxk+zQdN0QOZ1Xx63Si1vl+K4QHj/lZZrXNjnjLtSqYhgBEpaa+sDoJPdHe7uzQnKkaTDxjqOm7Lg0foUmPSEACybPuyQmZsqdoB9piJ6rLb8x5BtCBAsH9hgQHrjrr0QbcHrcYHomxOAA5lzQyprqjk8eODxXyuUMq4Y8whAigrGDfjHwU7T7VDgNJ7aqVRns8DEvRtVHT4BjZnCECsl7csfE9SsPNUQwCh7K5aaZYHRjbjUIhvi7EHWE6cZj6yJP9Z367mypoyuKFZJPXW98szd4e8R/CW+F/sEQvui92dQ6xn9Qg1BOSPEC/19cl6G8MyPvlVuP4b6twqxPkrqQdohsD2ZR23cZz87dYAhopLEOEnvQ8NAXElUMuPivQOcqWM95lXfBXRpPvMJAKwB5zMlaBSxHnUyD6JACIIESPDXJcJRHBGgL+y4wecLJK6Si4TgN3/9qQphSeMYkjuAdxKIIeNjHNXBkH9BkiJxZCAkXni+3jGH1CMcj3FHdsBsxgMCagpO/4Hvkb6yKxSTskpafNXR78zw2xIADcWwNOEK4Jm32zmxM1yQfA0WOEzJcC34vhvuNs37TpWTt2iw65/wl95/EsrPKYE8EoTRxcE8E2A6eswK8dZ11ESo0Ke7ZtqSwLeKP60RxCFNUhCX9YDShEALuV1/qr2r+2qWRLAK/srIt/gJkL7ltjOa5b1uO5H/VVFjU5g2BLAnfirIwfxn1r7nTh0gc3NkfniS5TWMSdYHBHAHe2qKqrBbtXqxGm2bPDJ94oiXc+XcacYHBPAGR07YcJa7AkfO3WeYbubIhAv/mWuM5V249daqVTgtvUtxW/jfxFwfXXHCxF+1MWzfrnRcdcutkERwJ0GQiXVjLFDeCc01q6RtOop+XFUvqcqlW6vxuN4CKgr8byvKhIUqLgIh8QZvS4zZTqAc1L97McLFg02eI5z0D1ACZLfDgdC3k2Y7MVLx8mKPF0pbs/xOpJ+LhLB76vu+GWo7QyZAAXAh9GNI6/2Xt2EQ2IbQixU5MOVItA7+Lw+81BP887q9qTLzcG2M2wEKAD4Z2gNwVNFjLIXsXesRnmBoks9pTfwgUfxaNYyZeroI1sWtjh6b5FKO8NOgLpxPjz2hsrn4NejRfjhxTy8RZ+J+kKg/H0ijMa8B78tuo0DsRuHTxf+teUKHsAu4qx+gYrwvX959JzaXzry/wH38F6tJC9ipgAAAABJRU5ErkJggg=='
196,bet9ja.com,https://bet9ja.com/favicon.ico
197,w3schools.com,https://www.w3schools.com/favicon.ico
198,3c.tmall.com,https://3c.tmall.com/favicon.ico
199,fedex.com,http://www.fedex.com/favicon.ico
200,setn.com,https://www.setn.com/favicon.ico
201,researchgate.net,https://www.researchgate.net/favicon.ico
203,eastday.com,http://eastday.com/favicon.ico
204,foxnews.com,https://www.foxnews.com/favicon.ico
205,google.com.sa,https://www.google.com.sa/favicon.ico
207,slideshare.net,https://www.slideshare.net/favicon.ico
208,ca.gov,https://www.ca.gov/favicon.ico
209,namnak.com,https://namnak.com/favicon.ico
210,bukalapak.com,https://www.bukalapak.com/favicon.ico
211,tistory.com,https://www.tistory.com/favicon.ico
212,aliexpress.ru,https://ru.aliexpress.com/favicon.ico
214,smallpdf.com,https://smallpdf.com/favicon.ico
215,elbalad.news,https://www.elbalad.news/
216,telegram.org,http://telegram.org/favicon.ico
217,amazon.es,https://www.amazon.es/favicon.ico
218,hulu.com,https://www.hulu.com/favicon.ico
219,google.com.eg,https://www.google.com.eg/favicon.ico
220,globo.com,http://www.globo.com/favicon.ico
222,capitalone.com,https://www.capitalone.com/favicon.ico
223,mozilla.org,https://www.mozilla.org/favicon.ico
224,zerodha.com,http://zerodha.com//static/images/favicon.png
225,taboola.com,https://www.taboola.com/wp-content/uploads/2020/04/favicon.png
226,airbnb.com,https://www.airbnb.com/favicon.ico
227,coursera.org,https://www.coursera.org/favicon.ico
228,51.la,https://www.51.la
229,webex.com,https://www.webex.com/favicon.ico
230,primevideo.com,https://www.primevideo.com/favicon.ico
231,subject.tmall.com,https://error.taobao.com/app/tbhome/common/error.html
232,xnxx.com,http://xnxx.com/favicon.ico
233,metropoles.com,https://www.metropoles.com/wp-admin/images/w-logo-blue.png
234,chouftv.ma,https://chouftv.ma/favicon.ico
235,emofid.com,http://emofid.com//media/1124/favicon.ico
236,cnbc.com,https://www.cnbc.com/favicon.ico
237,fidelity.com,http://www.fidelity.com/favicon.ico
238,target.com,https://www.target.com/favicon.ico
239,t.co,http://t.co/favicon.ico
240,behance.net,https://behance.net/favicon.ico
241,food.tmall.com,https://food.tmall.com/favicon.ico
242,google.com.ar,https://www.google.com.ar/favicon.ico
243,sahibinden.com,https://www.sahibinden.com/favicon.ico
244,t.me,https://t.me/favicon.ico
245,patch.com,https://patch.com/img/cdn/assets/layout/favicon.ico
246,freepik.com,https://www.freepik.com/favicon.ico
247,dailymail.co.uk,https://www.dailymail.co.uk/favicon.ico
248,suara.com,https://suara.com:443/favicon.ico
249,icicibank.com,https://www.icicibank.com/favicon.ico
250,amazon.fr,https://www.amazon.fr/favicon.ico
251,breitbart.com,http://www.breitbart.com/favicon.ico
252,uniqlo.tmall.com,http://assets.alicdn.com/p/mall/base/favicon.ico
253,ebay.co.uk,https://www.ebay.co.uk/favicon.ico
254,box.com,https://box.com/favicon.ico
255,ndtv.com,https://www.ndtv.com/favicon.ico
256,wayfair.com,https://www.wayfair.com/favicon.ico
258,lazada.sg,https://www.lazada.sg/favicon.ico
259,ltn.com.tw,http://ltn.com.tw/assets/images/favicon.ico?upload=20191119
260,mercadolivre.com.br,https://www.mercadolivre.com.br/favicon.ico
261,google.co.th,https://www.google.co.th/favicon.ico
262,redd.it,https://www.redditstatic.com/desktop2x/img/favicon/android-icon-192x192.png
263,wikihow.com,https://www.wikihow.com/favicon.ico
264,list.tmall.com,https://list.tmall.com/favicon.ico
265,brilio.net,https://www.brilio.net/favicon.ico
266,gosuslugi.ru,https://www.gosuslugi.ru/favicon.ico
267,kumparan.com,https://kumparan.com:443/favicon.ico
268,merdeka.com,https://www.merdeka.com/favicon.ico
269,sberbank.ru,http://sberbank.ru//portalserver/static/templates/%5BBBHOST%5D/RuMasterpageTemplate/static/favicon48.png
270,amazon.cn,https://www.amazon.cn/favicon.ico
272,hespress.com,https://www.hespress.com/favicon.ico
273,hootsuite.com,https://hootsuite.com/favicon.ico
274,amazon.it,https://www.amazon.it/favicon.ico
275,google.pl,https://www.google.pl/favicon.ico
276,jianshu.com,https://www.jianshu.com/favicon.ico
277,investopedia.com,http://investopedia.com//static/1.115.0/icons/favicons/favicon.ico
278,bloomberg.com,https://assets.bwbx.io/s3/javelin/public/hub/images/favicon-black-63fe5249d3.png
279,y2mate.com,http://www.y2mate.com/themes/images/logo.png
280,360.com,https://www.360.cn
282,mercadolibre.com.ar,https://www.mercadolibre.com.ar/favicon.ico
283,ladbible.com,https://www.ladbible.com/assets/favicon-192x192.044d4ca63d20cba29c2557197b5693f6.png
284,slack.com,https://a.slack-edge.com/cebaa/img/ico/favicon.ico
285,medium.com,https://medium.com/favicon.ico
286,eikegolehem.com,http://eikegolehem.com/favicon.ico
287,op.gg,http://op.gg/favicon.ico
288,glassdoor.com,https://www.glassdoor.com/favicon.ico
289,realtor.com,https://www.realtor.com/favicon.ico
290,mercadolibre.com.mx,https://www.mercadolibre.com.mx/favicon.ico
291,varzesh3.com,https://static.farakav.com/v3content/assets/img/favicon/favicon.ico
292,agah.com,http://agah.com//logo-agah.ico
293,cnzz.com,http://img.alicdn.com/tfs/TB1cA4QXeuSBuNjy1XcXXcYjFXa-32-32.ico
294,deepl.com,http://deepl.com//img/favicon/favicon_16.png
295,idntimes.com,https://www.idntimes.com/favicon.ico
296,mofidonline.com,http://mofidonline.com/favicon.ico
298,heavy.com,https://heavy.com/favicon.ico
299,nvzhuang.tmall.com,https://nvzhuang.tmall.com/favicon.ico
301,nianhuo.tmall.com,https://nianhuo.tmall.com/favicon.ico
302,samsung.com,http://samsung.com//us/smg/etc/designs/samsung/global/favicon.ico
303,rambler.ru,https://www.rambler.ru/favicon.ico
304,gamepedia.com,https://mercury-media.cursecdn.com/avatars/0/676/635077524106421849.png
305,dailymotion.com,https://www.dailymotion.com/favicon.ico
306,ameblo.jp,https://ameblo.jp/favicon.ico
307,nikkei.com,https://www.nikkei.com/
308,google.co.id,https://www.google.co.id/favicon.ico
309,notion.so,http://notion.so//images/favicon.ico
310,mercari.com,https://www.mercari.com/favicon.ico
311,dell.com,https://www.dell.com/favicon.ico
312,ameritrade.com,https://www.tdameritrade.com/favicon.ico
313,marketwatch.com,https://www.marketwatch.com/favicon.ico
314,abs-cbn.com,https://data-corporate.abs-cbn.com/corp/medialibrary/corphub/assets/favicon.png
315,aol.com,http://aol.com/favicon.ico
316,messenger.com,https://static.xx.fbcdn.net/rsrc.php/yg/r/4_vfHVmZ5XD.ico
317,allegro.pl,https://allegro.pl/favicon.ico
318,amazon.com.mx,https://www.amazon.com.mx/favicon.ico
320,thesaurus.com,https://www.thesaurus.com/favicon.ico
321,wsj.com,https://www.wsj.com/favicon.ico
322,bankofamerica.com,https://www.bankofamerica.com/pa/global-assets/1.0/graphic/favicon.ico
323,fiverr.com,https://www.fiverr.com/favicon.ico
324,wildberries.ru,https://www.wildberries.ru/favicon.ico
325,moneycontrol.com,https://www.moneycontrol.com/favicon.ico
327,rt.com,https://www.rt.com/favicon.ico
328,hotstar.com,https://secure-media.hotstar.com/web-assets/prod/D+H_favicon.ico
329,squarespace.com,https://images.squarespace-cdn.com/content/5134cbefe4b0c6fb04df8065/1541453017272-VW5DX9K6F21C7VZZTZYR/sqsp-favicon.ico?format=50w&content-type=image/x-icon
331,goodreads.com,http://www.goodreads.com/favicon.ico
333,manoramaonline.com,https://www.manoramaonline.com/favicon.ico
334,nike.com,https://www.nike.com/favicon.ico
335,reverso.net,https://www.reverso.net/text_translation.aspx?lang=EN
336,ask.com,https://www.ask.com/favicon.ico
337,nicovideo.jp,https://www.nicovideo.jp/favicon.ico
338,geeksforgeeks.org,https://www.geeksforgeeks.org/favicon.ico
340,zoho.com,https://www.zoho.com/favicon.ico
342,xfinity.com,https://www.xfinity.com/favicon.ico
343,hurriyet.com.tr,https://www.hurriyet.com.tr/favicon.ico
344,gap.tmall.com,http://err.tmall.com/error1.html
345,aminoapps.com,https://aminoapps.com/favicon.ico
346,softonic.com,http://softonic.com/favicon.ico
347,reuters.com,https://www.reuters.com/resources/images/favicon.ico
348,steamcommunity.com,https://steamcommunity.com/favicon.ico
349,surveymonkey.com,https://cdn.smassets.net/assets/cms/cc/app/static/favicon.ico
350,chess.com,https://www.chess.com/favicon.ico
351,wikimedia.org,https://foundation.wikimedia.org/favicon.ico
352,padlet.com,http://padlet.com/favicon.ico
353,newstrend.news,https://newstrend.news/favicon.ico
354,feedly.com,https://feedly.com/favicon.ico
355,canada.ca,https://www.canada.ca/favicon.ico
356,namu.wiki,https://namu.wiki/favicon.ico
357,neiyi.tmall.com,https://neiyi.tmall.com/favicon.ico
358,hp.com,http://www.hp.com/favicon.ico
359,ouedkniss.com,http://ouedkniss.com/images/favicon.ico
360,scribd.com,https://www.scribd.com/favicon.ico
361,9gag.com,http://9gag.com/favicon.ico
362,orange.fr,https://www.orange.fr/favicon.ico
363,line.me,http://line.me/favicon.ico
365,indiamart.com,https://www.indiamart.com/favicon.ico
366,ensonhaber.com,http://www.ensonhaber.com/favicon.ico
368,miao.tmall.com,https://miao.tmall.com/favicon.ico
369,dribbble.com,https://static.dribbble.com/assets/favicon-63b2904a073c89b52b19aa08cebc16a154bcf83fee8ecc6439968b1e6db569c7.ico
370,fast.com,https://fast.com/favicon.ico
371,patreon.com,https://c5.patreon.com/external/favicon/favicon-32x32.png?v=69kMELnXkB
372,skype.com,https://secure.skypeassets.com/i/common/images/icons/favicon.ico
373,get-express-vpn.com,https://www.get-express-vpn.com/favicon.ico
374,google.com.au,https://www.google.com.au/favicon.ico
375,td.com,https://www.td.com/favicon.ico
376,thepiratebay.org,https://thepiratebay.org/favicon.ico
377,norton.com,https://now.symassets.com/etc/designs/norton/images/icons/favicon.ico
378,youdao.com,https://shared.ydstatic.com/images/favicon.ico
379,lee.tmall.com,http://err.tmall.com/error1.html
380,in.gr,https://www.in.gr/favicon.ico
381,adp.com,https://www.adp.com/favicon.ico
382,leboncoin.fr,https://www.leboncoin.fr/favicon.ico
383,zol.com.cn,http://www.zol.com.cn/favicon.ico
384,pinimg.com,https://www.pinterest.com/favicon.ico
385,att.com,https://www.att.com/favicon.ico
386,sonhoo.com,http://sonhoo.com/../favicon.ico
387,bet365.com,https://www.bet365.com/favicon.ico
388,pulzo.com,http://pulzo.com/favicon.ico
389,web.de,https://img.web.de/web/img/v4/web.ico
390,sciencedirect.com,https://www.sciencedirect.com/favicon.ico
391,adgroup.org,https://adgroup.org/default/template/wp-content/uploads/2018/07/cropped-logo_AGC-32x32.png
392,divar.ir,https://divar.ir/favicon.ico
393,asos.com,https://www.asos.com/favicon.ico
394,irs.gov,https://www.irs.gov/themes/custom/pup_base/favicon.ico
395,infobae.com,https://www.infobae.com/favicon.ico
396,accuweather.com,https://www.accuweather.com/favicon.ico
397,tripadvisor.com,http://tripadvisor.com/favicon.ico
399,myhome.tmall.com,https://myhome.tmall.com/favicon.ico
400,dcard.tw,http://dcard.tw//_next/static/media/icon-16-1daa7474e5fe761a7239d12c56b88680.png
401,weebly.com,https://www.weebly.com/favicon.ico
402,google.gr,https://www.google.gr/favicon.ico
403,gismeteo.ru,https://www.gismeteo.ru/favicon.ico
405,huobi.com,https://www.huobi.com/
406,81.cn,http://81.cn/favicon.ico
407,google.com.vn,https://www.google.com.vn/favicon.ico
408,filimo.com,https://www.filimo.com/favicon.ico
409,haofang.net,http://bj.chengdudatangoa.vip/
410,yts.mx,http://yts.mx//assets/images/website/favicon.ico
411,vnexpress.net,https://vnexpress.net/favicon.ico
412,104.com.tw,https://www.104.com.tw/favicon.ico
413,1337x.to,https://1337x.to/favicon.ico
414,elwatannews.com,https://www.elwatannews.com/favicon.ico
415,biobiochile.cl,https://www.biobiochile.cl/favicon.ico
417,cambridge.org,https://www.cambridge.org/favicon.ico
418,beytoote.com,http://beytoote.com/favicon.ico
419,ekaie.com,http://ekaie.com/favicon.ico
420,kompas.tv,https://media.kompas.tv/webassets/images/kompastv64.ico
421,fc2.com,https://fc2.com/favicon.ico
422,crabsecret.tmall.com,http://err.tmall.com/error1.html
423,google.co.kr,https://www.google.co.kr/favicon.ico
424,gmx.net,https://img.gmx.net/gmx/hp10/icons/favicon.ico
426,herokuapp.com,https://www.herokucdn.com/favicon.ico
427,tutorialspoint.com,https://www.tutorialspoint.com/favicon.ico
429,dbs.com.sg,https://www.dbs.com.sg/favicon.ico
430,ria.ru,https://cdn21.img.ria.ru/i/favicons/favicon-32x32.png
431,kakaku.com,https://img1.kakaku.k-img.com/images/favicon/favicon.ico
432,quora.com,https://www.quora.com/favicon.ico
433,pikiran-rakyat.com,https://assets.pikiran-rakyat.com/www/2019/desktop/images/favicon.ico?v=45
434,costco.com,https://www.costco.com/favicon.ico
435,archive.org,http://archive.org/favicon.ico
436,aimer.tmall.com,http://assets.alicdn.com/p/mall/base/favicon.ico
437,ebay.com.au,https://www.ebay.com.au/favicon.ico
438,usatoday.com,https://www.usatoday.com/favicon.ico
439,schwab.com,https://www.schwab.com/favicon.ico
440,shopee.tw,https://shopee.tw/favicon.ico
441,gdanstum.net,http://gdanstum.net/favicon.ico
442,dyson.tmall.com,http://assets.alicdn.com/p/mall/base/favicon.ico
443,alodokter.com,http://alodokter.com//assets/cms_engine/favicon-ceb59d400927f792b36ef791c3c2b8ce7a5e62df114a75d95b6b75d58076c6bc.ico
444,namasha.com,https://www.namasha.com/favicon.ico
445,fool.com,https://www.fool.com/favicon.ico
446,crunchyroll.com,http://crunchyroll.com//favicons/favicon-32x32.png
447,figma.com,https://static.figma.com/app/icon/1/icon-192.png
448,ih5.cn,http://www.ih5.cn/favicon.ico
449,lenta.ru,https://lenta.ru/favicon.ico
450,err.tmall.com,http://err.tmall.com/favicon.ico
451,livejournal.com,https://www.livejournal.com/favicon.ico
452,58.com,https://58.com/favicon.ico
453,youporn.com,https://www.youporn.com/favicon.ico
454,slickdeals.net,https://slickdeals.net/favicon.ico
455,jw.org,https://www.jw.org/favicon.ico
456,zendesk.com,https://d1eipm3vz40hy0.cloudfront.net/images/logos/zendesk-favicon.ico
457,youth.cn,http://www.youth.cn/favicon.ico
458,gsmarena.com,https://www.gsmarena.com/favicon.ico
459,list-manage.com,http://list-manage.com/favicon.ico
460,ny.gov,https://www.ny.gov/favicon.ico
461,deviantart.com,https://deviantart.com/favicon.ico
462,verizon.com,http://verizon.com/favicon.ico
463,huaban.com,https://huaban.com/favicon.ico
464,scofield.tmall.com,http://err.tmall.com/error1.html
465,qoo10.sg,https://www.qoo10.sg/favicon.ico?__ar=Y
466,www.gov.cn,http://www.gov.cn/favicon.ico
467,google.com.ua,https://www.google.com.ua/favicon.ico
468,intoday.in,https://www.indiatodaygroup.com/
469,steampowered.com,https://store.steampowered.com/favicon.ico
470,efu.com.cn,http://www.efu.com.cn/favicon.ico
471,justdial.com,https://www.justdial.com/favicon.ico
472,otvfoco.com.br,https://www.otvfoco.com.br/favicon.ico
473,google.co.ve,https://www.google.co.ve/favicon.ico
474,kapanlagi.com,https://www.kapanlagi.com/favicon.ico
475,fun48.com,https://www.fun48.com/favicon.ico
476,dhl.com,http://dhl.com//img/dhl-favicons/favicon_dhl.ico
477,goo.ne.jp,https://www.goo.ne.jp
478,pixabay.com,https://pixabay.com/favicon.ico
479,gotowebinar.com,http://gotowebinar.com//-/media/project/global/favicon-webinar.png
480,borna.news,https://www.borna.news/favicon.ico
482,blackboard.com,http://blackboard.com//themes/custom/blackboard/favicon.ico
483,tudou.com,http://tudou.com//favicon.ico
484,coupang.com,https://www.coupang.com/favicon.ico
485,spao.tmall.com,http://err.tmall.com/error1.html
486,mathrubhumi.com,https://www.mathrubhumi.com/favicon.ico
487,shopee.co.id,https://shopee.co.id/favicon.ico
488,cnbcindonesia.com,https://www.cnbcindonesia.com/favicon.ico
489,oracle.com,https://www.oracle.com/favicon.ico
491,elfagr.com,http://elfagr.com/favicon.ico
492,dmm.co.jp,http://p.dmm.co.jp/p/favicon.ico
493,alnaharegypt.com,https://www.alnaharegypt.com/favicon.ico
494,wp.pl,https://www.wp.pl/favicon.ico
495,ninisite.com,https://www.ninisite.com/favicon.ico
496,outbrain.com,http://outbrain.com//favicon.ico
497,wish.com,https://www.wish.com/favicon.ico
498,cdc.gov,https://www.cdc.gov/favicon.ico
499,qualtrics.com,https://www.qualtrics.com/favicon.ico
500,inquirer.net,http://inquirer.net/favicon.ico
501,webmd.com,https://img.webmd.com/dtmcms/live/webmd/consumer_assets/site_images/favicon/webmd.ico
502,sourceforge.net,https://sourceforge.net/favicon.ico
503,focus.cn,http://www.focus.cn/favicon.ico
504,buzzfeed.com,https://www.buzzfeed.com/favicon.ico
505,tejaratnews.com,https://tejaratnews.com/wp-content/uploads/2018/07/favicon-2.png
506,shimo.im,https://shimo.im/favicon.ico
507,rahavard365.com,http://rahavard365.com//Content/img/logo/favicon.png
508,disneyplus.com,https://www.disneyplus.com/favicon.ico
509,turkiye.gov.tr,https://www.turkiye.gov.tr/favicon.ico
510,ibicn.com,https://file.ibicn.com/favicon.ico
511,duolingo.com,http://d35aaqx5ub95lt.cloudfront.net/favicon.ico
512,wegotthiscovered.com,https://wegotthiscovered.com/favicon.ico
513,zippyshare.com,http://zippyshare.com/favicon.ico
514,spankbang.com,https://spankbang.com/favicon.ico
515,uptodown.com,https://www.uptodown.com/favicon.ico
516,kickstarter.com,https://www.kickstarter.com/favicon.ico
517,lowes.com,https://www.lowes.com/favicon.ico
518,gmanetwork.com,https://www.gmanetwork.com/favicon.ico
519,hotmart.com,http://hotmart.com//images/icons/favicon.ico
520,donya-e-eqtesad.com,https://donya-e-eqtesad.com/favicon.ico
521,marca.com,https://www.marca.com/favicon.ico
522,zara.com,http://www.zara.com/favicon.ico
523,academia.edu,http://www.academia.edu/favicon.ico
524,powerbi.com,https://powerbi.microsoft.com/en-us/
525,viva.co.id,https://www.viva.co.id/favicon.ico
526,mlb.com,http://www.mlb.com/favicon.ico
527,reclameaqui.com.br,https://www.reclameaqui.com.br/favicon.ico
528,quizlet.com,https://quizlet.com/favicon.ico
530,bitly.com,http://bitly.com/favicon.ico
531,linktr.ee,https://d1nnwinjc04txl.cloudfront.net/favicon-32x32.png?v=530918d2c86b9dd11c4fde40fa99d1b4
533,vtv.vn,https://vtv1.mediacdn.vn/web_images/vtv32.png
534,liansuo.com,http://liansuo.com//liansuo/favicon.ico
535,gusuwang.com,http://gusuwang.com/favicon.ico
536,issuu.com,https://issuu.com:443/favicon.ico
537,lifo.gr,https://www.lifo.gr/favicon.ico
538,rediff.com,http://www.rediff.com/favicon.ico
541,douban.com,https://www.douban.com/favicon.ico
542,house365.com,http://www.house365.com/favicon.ico
543,udn.com,https://udn.com/favicon.ico
544,kompasiana.com,https://assets-a1.kompasiana.com/statics/v20106_kompasiana/images/favicon.ico
545,pchome.com.tw,https://www.pchome.com.tw/favicon.ico
546,emol.com,https://www.emol.com/
547,septwolves.tmall.com,http://err.tmall.com/error1.html
548,ecosia.org,https://www.ecosia.org/
549,doubleclick.net,http://doubleclick.net/favicon.ico
550,discordapp.com,http://discordapp.com//assets/07dca80a102d4149e9736d4b162cff6f.ico
551,xero.com,http://xero.com//etc/designs/xero-cms/clientlib/assets/img/favicon.ico
552,arcgis.com,http://www.arcgis.com/favicon.ico
553,ytmp3.cc,https://ytmp3.cc/favicon.ico
554,smartsheet.com,https://www.smartsheet.com/favicon.ico
556,google.ro,https://www.google.ro/favicon.ico
557,mi.com,https://www.mi.com/favicon.ico
558,seznam.cz,https://www.seznam.cz/favicon.ico
560,who.int,https://www.who.int/favicon.ico
561,kitco.com,https://www.kitco.com/favicon.ico
562,mileroticos.com,https://www.mileroticos.com/favicon.ico
563,sahamyab.com,https://www.sahamyab.com/favicon.ico
564,eastmoney.com,http://eastmoney.com/favicon.ico
565,evernote.com,https://evernote.com/favicon.ico
567,jpnn.com,https://www.jpnn.com/favicon.ico
568,iyiou.com,https://www.iyiou.com/favicon.ico
569,europa.eu,https://europa.eu/favicon.ico
570,17track.net,http://res.17track.net/global-v2/favicon.ico?v=20170712
571,emis.gov.eg,http://emis.gov.eg/images/favicon.ico
572,files.wordpress.com,https://wpcom.files.wordpress.com/2017/11/cropped-wordpress.png?w=16
573,google.dz,https://www.google.dz/favicon.ico
574,wondershare.com,https://www.wondershare.com/favicon.ico
575,royalbank.com,http://www.rbcroyalbank.com/favicon.ico
576,milliyet.com.tr,https://www.milliyet.com.tr/favicon.ico
577,sozcu.com.tr,https://www.sozcu.com.tr/
578,www.gov.uk,https://www.gov.uk/assets/static/favicon-8d811b8c3badbc0b0e2f6e25d3660a96cc0cca7993e6f32e98785f205fc40907.ico
579,timeanddate.com,https://www.timeanddate.com/favicon.ico
580,shopee.vn,https://shopee.vn/favicon.ico
582,utorrent.com,http://utorrent.com//faviconUT.ico
583,dreamstime.com,https://www.dreamstime.com/favicon.ico
584,qiannaimei.tmall.com,http://err.tmall.com/error1.html
585,libero.it,https://www.libero.it/favicon.ico
586,douyu.com,https://www.douyu.com/favicon.ico
587,hm.com,http://www.hm.com/favicon.ico
588,olx.pl,https://www.olx.pl/favicon.ico
589,playstation.com,https://www.playstation.com:443/favicon.ico
590,discover.com,https://www.discover.com/favicon.ico
591,pole-emploi.fr,https://www.pole-emploi.fr/accueil/
592,onet.pl,https://www.onet.pl/favicon.ico
594,google.com.pe,https://www.google.com.pe/favicon.ico
595,dw.com,http://dw.com//favicon.png
596,macys.com,https://www.macys.com/favicon.ico
597,web-hosting.com,http://web-hosting.com/assets/img/nc-icon/favicon.ico
598,pixiv.net,https://www.pixiv.net/favicon.ico
599,chron.com,https://www.chron.com/favicon.ico
600,wordpress.org,https://wordpress.org/favicon.ico
601,giphy.com,https://giphy.com/favicon.ico
602,shopify.com,https://www.shopify.com/favicon.ico
605,onlyfans.com,https://onlyfans.com/favicon.ico
607,npr.org,https://static-assets.npr.org/static/images/favicon/favicon-16x16.png
608,mfisp.com,https://www.mfisp.com/favicon.ico
609,rutracker.org,http://rutracker.org/favicon.ico
610,bitexworld.com,http://bitexworld.com//thm/images/favicon.png
611,mseav.com,https://www.mseav.com/favicon.ico
612,ozon.ru,https://ozon.ru/favicon.ico
613,hops.id,'https://i1.wp.com/www.hops.id/wp-content/uploads/2020/02/cropped-hops-favico1-1.png?fit=32,32&ssl=1'
615,indianexpress.com,https://indianexpress.com/favicon.ico
616,lining.tmall.com,http://err.tmall.com/error1.html
618,mailchimp.com,https://mailchimp.com/favicon.ico
619,xe.com,https://www.xe.com:443/favicon.ico
620,lenovo.com,https://www.lenovo.com/us/en/
621,book.tmall.com,https://book.tmall.com/favicon.ico
622,hh.ru,https://hh.ru/favicon.ico
623,memurlar.net,http://www.memurlar.net/favicon.ico
624,wordreference.com,https://www.wordreference.com/favicon.ico
625,banggood.com,http://www.banggood.com/favicon.ico
626,woocommerce.com,https://woocommerce.com/favicon.ico
627,google.cl,https://www.google.cl/favicon.ico
628,westernjournal.com,https://static.westernjournal.com/wp-content/uploads/2017/11/android-chrome-192x192-150x150-1.jpg
629,wowhead.com,https://wow.zamimg.com/favicon.ico
630,gongchang.com,https://www.gongchang.com/favicon.ico
631,kemdikbud.go.id,http://kemdikbud.go.id/assets/icon/android-icon-192x192.png
633,google.com.pk,https://www.google.com.pk/favicon.ico
634,springer.com,https://www.springer.com/favicon.ico
635,ivi.ru,https://www.ivi.ru/favicon.ico
636,shopee.com.my,https://shopee.com.my/favicon.ico
637,lachapelle.tmall.com,http://err.tmall.com/error1.html
638,ballotpedia.org,https://ballotpedia.org/favicon.ico
639,kijiji.ca,https://ca.classistatic.com/static/V/9545.1/img/favicons/favicon-32x32-new.png
640,americanexpress.com,https://www.americanexpress.com/favicon.ico
641,atlassian.net,https://www.atlassian.com/software
642,yoox.com,https://www.yoox.com/favicon.ico
643,61ef.cn,http://www.61ef.cn/favicon.ico
644,theepochtimes.com,https://www.theepochtimes.com/assets/themes/eet/images/etfavicon.ico
645,redtube.com,https://www.redtube.com/favicon.ico
646,wowkeren.com,https://wowkeren.com/favicon.ico
647,livedoor.jp,http://www.livedoor.com/favicon.ico
648,smm.cn,https://www.smm.cn/favicon.ico
649,newegg.com,https://www.newegg.com/favicon.ico
650,mit.edu,http://web.mit.edu/favicon.ico
651,maniform.tmall.com,http://err.tmall.com/error1.html
652,urdupoint.com,https://urdupoint.com/favicon.ico
653,eventbrite.com,http://eventbrite.com/favicon.ico
654,proiezionidiborsa.it,https://www.proiezionidiborsa.it/site/wp-includes/images/w-logo-blue-white-bg.png
655,service-now.com,https://www.servicenow.com/
656,haoyer.com,http://haoyer.com/favicon.ico
657,nba.com,https://www.nba.com/assets/icons/favicon16.ico
659,dai.tmall.com,https://dai.tmall.com/favicon.ico
660,sakshi.com,https://www.sakshi.com/favicon.ico
661,olx.ua,https://www.olx.ua/favicon.ico
662,khanacademy.org,https://www.khanacademy.org/favicon.ico
664,diply.com,https://diply.com/favicon.ico
665,payu.in,http://payu.in/assets/landingPages/images/favicon_index.ico
666,tdameritrade.com,https://www.tdameritrade.com/favicon.ico
667,google.com.co,https://www.google.com.co/favicon.ico
668,epicgames.com,https://www.epicgames.com:443/favicon.ico
669,google.az,https://www.google.az/favicon.ico
670,livedoor.com,http://www.livedoor.com/favicon.ico
671,iherb.com,http://iherb.com/favicon.ico
672,visualstudio.com,https://visualstudio.microsoft.com/favicon.ico
673,eatthis.com,https://i2.wp.com/www.eatthis.com/wp-content/uploads/2017/10/cropped-ETNTfavicon.png?fit=32%2C32&ssl=1
674,nanzhuang.tmall.com,https://nanzhuang.tmall.com/favicon.ico
675,shein.com,https://www.shein.com/favicon.ico
676,360doc.com,http://www.360doc.com/favicon.ico
677,bankmellat.ir,https://bankmellat.ir:443/favicon.ico
679,as.com,https://as.com/favicon.ico
680,riotgames.com,https://www.riotgames.com/en
681,apnews.com,https://apnews.com/favicon.ico
682,kinopoisk.ru,https://www.kinopoisk.ru/favicon.ico
683,elpais.com,https://elpais.com/favicon.ico
685,jotform.com,https://www.jotform.com/favicon.ico
686,streamable.com,https://streamable.com/favicon.ico
687,strava.com,http://www.strava.com/favicon.ico
688,winshang.com,http://jscss.winshang.com/www/images/favicon.ico
689,motorsport.com,https://motorsport.com/favicon.ico
690,anta.tmall.com,http://err.tmall.com/error1.html
691,google.co.za,https://www.google.co.za/favicon.ico
693,11st.co.kr,http://11st.co.kr/favicon.ico
694,calvinklein.tmall.com,http://err.tmall.com/error1.html
695,laodong.vn,https://laodong.vn/favicon.ico
696,chegg.com,https://www.chegg.com/favicon.ico
697,bancodevenezuela.com,http://bancodevenezuela.com/images/ico/favicon2.ico
699,freepik.es,https://www.freepik.es/favicon.ico
700,naukri.com,https://www.naukri.com/favicon.ico
701,china-ef.com,http://www.china-ef.com/favicon.ico
702,trendyol.com,http://trendyol.com//frontend/web/assets/images/favicon.ico
703,techradar.com,https://www.techradar.com/favicon.ico
704,ecv360.com,http://ecv360.com/favicon.ico
705,ofgogoatan.com,http://ofgogoatan.com/favicon.ico
706,lafuma.tmall.com,http://err.tmall.com/error1.html
707,youku.com,https://youku.com/favicon.ico
708,merriam-webster.com,https://www.merriam-webster.com/favicon.ico
709,semir.tmall.com,http://err.tmall.com/error1.html
710,afip.gob.ar,http://www.afip.gov.ar/error/error.html
711,wattpad.com,https://www.wattpad.com/favicon.ico
712,gucn.tmall.com,http://err.tmall.com/error1.html
713,free.fr,https://free.fr/favicon.ico
714,it168.com,http://www.it168.com
715,kolonsport.tmall.com,http://err.tmall.com/error1.html
716,cisco.com,https://www.cisco.com/favicon.ico
717,asus.com,https://www.asus.com/favicon.ico
718,noaa.gov,https://www.noaa.gov/favicon.ico
719,jia.tmall.com,http://jia.tmall.com/favicon.ico
720,eland.tmall.com,http://err.tmall.com/error1.html
721,themeforest.net,https://themeforest.net/favicon.ico
722,nhl.com,http://www-league.nhlstatic.com/nhl.com/builds/site-core/b1904568bcb2fbac5e1943f4bbcc4a888f9cd027_1596505987/images/favicon.ico
723,superuser.com,https://cdn.sstatic.net/Sites/superuser/Img/favicon.ico?v=4852d6fb3f5d
724,nvxie.tmall.com,https://nvxie.tmall.com/favicon.ico
725,tahiamasr.com,http://tahiamasr.com//themes/new/images/favicon.png
726,bild.de,https://www.bild.de/favicon.ico
727,people.com.cn,http://people.com.cn/favicon.ico
728,medicalnewstoday.com,https://www.medicalnewstoday.com/favicon.ico
729,cnnindonesia.com,https://www.cnnindonesia.com/favicon.ico
730,saednews.com,http://saednews.com/favicon.ico
731,worldbestposts.com,https://worldbestposts.com/favicon.ico
732,dafont.com,https://www.dafont.com/favicon.ico
733,mercadolibre.com.ve,https://www.mercadolibre.com.ve/favicon.ico
734,basichouse.tmall.com,http://err.tmall.com/error1.html
735,aweber.com,https://www.aweber.com/favicon.ico
736,bluehost.com,https://www.bluehost.com/favicon.ico
737,custhelp.com,https://cx.rightnow.com/
738,pdfdrive.com,https://www.pdfdrive.com/favicon.ico
739,tandfonline.com,https://www.tandfonline.com/favicon.ico
740,pandora.com,http://pandora.com/favicon.ico
741,etoro.com,https://www.etoro.com/favicon.ico
742,toutiao.com,https://www.toutiao.com/favicon.ico
743,souq.com,https://egypt.souq.com/eg-ar/
744,ku.tmall.com,https://ku.tmall.com/favicon.ico
745,agacelebir.com,http://agacelebir.com/favicon.ico
746,google.at,https://www.google.at/favicon.ico
747,asana.com,https://asana.com/favicon.ico
749,farfetch.com,https://www.farfetch.com/favicon.ico
750,india.com,https://www.india.com/favicon.ico
751,jia400.com,http://jia400.com//statics/front/images/favicon.ico
752,howtogeek.com,https://www.howtogeek.com/favicon.ico
753,go.com,http://go.com/favicon.ico
754,elcomercio.com,https://www.elcomercio.com/favicon.ico
755,finviz.com,https://finviz.com/favicon.ico
756,harvard.edu,http://harvard.edu//sites/all/themes/hedu2015/assets/img/favicon.ico?v=2018
757,yna.co.kr,http://r.yna.co.kr/www/home_n/v02/img/favicon.ico
758,ibm.com,https://ibm.com/favicon.ico
759,nvidia.com,https://www.nvidia.com/favicon.ico
760,rbc.ru,https://www.rbc.ru/favicon.ico
761,zoho.in,https://www.zoho.com/favicon.ico
762,gyazo.com,http://gyazo.com/favicon.ico
763,usbank.com,https://www.usbank.com/favicon.ico
765,ultimate-guitar.com,https://www.ultimate-guitar.com/favicon.ico
766,nbcnews.com,https://nodeassets.nbcnews.com/cdnassets/projects/ramen/favicon/nbcnews/all-other-sizes-PNG.ico/favicon.ico
768,news18.com,https://www.news18.com/favicon.ico
769,thefreedictionary.com,http://thefreedictionary.com/favicon.ico
770,google.be,https://www.google.be/favicon.ico
771,robinhood.com,https://cdn.robinhood.com/assets/robinhood/images/favicon.ico
772,huffpost.com,http://huffpost.com/favicon.ico
774,rezka.ag,https://rezka.ag/favicon.ico
775,oschina.net,https://www.oschina.net/favicon.ico
776,rakuten-bank.co.jp,https://www.rakuten-bank.co.jp/favicon.ico
777,v2ex.com,https://v2ex.com/favicon.ico
778,huim.com,http://www.huim.com/favicon.ico
780,drom.ru,https://i.rdrom.ru/favicon.ico
781,langsha.tmall.com,http://err.tmall.com/error1.html
782,t-online.de,https://www.t-online.de/favicon.ico
783,crhoy.com,https://www.crhoy.com/favicon.ico
784,tinder.com,https://tinder.com/favicon.ico
785,threegun.tmall.com,http://err.tmall.com/error1.html
786,mayoclinic.org,https://www.mayoclinic.org/favicon.ico
788,trulia.com,https://www.trulia.com/favicon.ico
789,zalo.me,https://zalo.me/favicon.ico
790,engadget.com,http://engadget.com/favicon.ico
791,ccaonline.cn,http://ccaonline.cn/favicon.ico
792,digitaltrends.com,https://www.digitaltrends.com/wp-content/themes/digitaltrends-2018/assets/images/favicons/apple-touch-icon.png
793,jb51.net,https://www.jb51.net/favicon.ico
794,nike.tmall.com,http://assets.alicdn.com/p/mall/base/favicon.ico
795,bola.net,https://www.bola.net/favicon.ico
796,chip.de,http://www.chip.de/favicon.ico
797,teamviewer.com,https://www.teamviewer.com/favicon.ico
798,google.com.my,https://www.google.com.my/favicon.ico
799,aftership.com,https://assets.aftership.com/favicons/aftership/favicon-32x32.png?v=XBrYYrrJWa
800,mega.nz,http://mega.nz/favicon.ico
801,lieyunwang.com,https://www.lieyunwang.com/favicon.ico
802,jackjones.tmall.com,http://err.tmall.com/error1.html
804,forever21.tmall.com,http://err.tmall.com/error1.html
805,skroutz.gr,https://www.skroutz.gr/favicon.ico
806,honeys.tmall.com,http://err.tmall.com/error1.html
807,peacebird.tmall.com,http://err.tmall.com/error1.html
808,ojooo.com,https://ojooo.com/favicon.ico
809,zhcw.com,https://www.zhcw.com/favicon.ico
810,interia.pl,https://www.interia.pl/favicon.ico
811,neobux.com,https://www.neobux.com/
812,shouji.tmall.com,https://shouji.tmall.com/favicon.ico
813,doordash.com,https://cdn.doordash.com/static/img/favicon@2x.ico?dd-nonce
814,kohls.com,https://www.kohls.com/favicon.ico
815,kaskus.co.id,https://www.kaskus.co.id/favicon.ico
817,intipseleb.com,https://www.intipseleb.com/favicon.ico
818,blizzard.com,https://www.blizzard.com/en-us/
819,rakuten-sec.co.jp,https://www.rakuten-sec.co.jp/
820,258.com,http://www.258.com/favicon.ico
821,hubspot.com,https://www.hubspot.com/hubfs/HubSpot_Logos/HubSpot-Inversed-Favicon.png
822,pixlr.com,http://pixlr.com//images/pixlr-favicon3-grey-16x16.ico
823,shopee.co.th,https://shopee.co.th/favicon.ico
824,lun.com,http://www.lun.com
825,online-convert.com,https://www.online-convert.com/favicon.ico
826,marksandspencer.tmall.com,http://err.tmall.com/error1.html
827,edx.org,https://www.edx.org/favicon.ico
828,asriran.com,https://www.asriran.com/favicon.ico
829,maybank2u.com.my,https://www.maybank2u.com.my/favicon.ico
830,somoynews.tv,https://www.somoynews.tv/favicon.ico
831,urbandictionary.com,https://www.urbandictionary.com/favicon.ico
837,nownews.com,http://nownews.com//icon/icon-48x48.png
838,yelp.com,https://yelp.com/favicon.ico
840,ign.com,https://www.ign.com/favicon.ico
841,haberturk.com,https://www.haberturk.com/favicon.ico
842,dcinside.com,http://www.dcinside.com/favicon.ico
843,nur.kz,https://www.nur.kz/favicon.ico
844,amazon.com.br,https://www.amazon.com.br/favicon.ico
845,cabbeen.tmall.com,http://err.tmall.com/error1.html
846,kakao.com,http://kakao.com/favicon.ico
847,w3school.com.cn,http://w3school.com.cn//ui2019/logo-16-red.png
848,bolasport.com,https://www.bolasport.com:443/favicon.ico
850,autodesk.com,https://www.autodesk.com/favicon.ico
851,msi.com,https://www.msi.com//favicon.ico
852,discoveryexpedition.tmall.com,http://err.tmall.com/error1.html
853,yeniakit.com.tr,https://www.yeniakit.com.tr/favicon.ico
854,wp.com,https://wpcom.files.wordpress.com/2017/11/cropped-wordpress.png?w=16
855,upwork.com,https://www.upwork.com/favicon.ico
856,aofex.com,http://aofex.com//aofex.ico
857,nseindia.com,http://nseindia.com//assets/images/favicon.ico
858,rarbg.to,http://rarbg.to/favicon.ico
859,dickies.tmall.com,http://err.tmall.com/error1.html
860,nairaland.com,https://www.nairaland.com/favicon.ico
861,bluejeans.com,https://static.bluejeans.com/z4/static/images/favicon.ico
862,sputniknews.com,https://sputniknews.com/favicon.ico
863,sba.gov,https://www.sba.gov/favicon.ico
864,bag.tmall.com,https://bag.tmall.com/favicon.ico
865,mynet.com,http://www.mynet.com/favicon.ico
866,dictionary.com,https://www.dictionary.com/favicon.ico
867,iobit.com,https://www.iobit.com/en/redirect.php?eid=404&url=/favicon.ico
868,usaa.com,https://www.usaa.com/favicon.ico
869,gmarket.co.kr,http://image.gmarket.co.kr/favicon/gmarket.ico
870,esprit.tmall.com,http://assets.alicdn.com/p/mall/base/favicon.ico
871,scotiabank.com,https://www.scotiabank.com/favicon.ico
872,avaz.ba,https://avaz.ba/favicon.ico
873,nate.com,http://nate.com/favicon.ico
874,postlnk.com,http://postlnk.com/favicon.ico
875,bestlifeonline.com,https://i2.wp.com/bestlifeonline.com/wp-content/uploads/2017/05/cropped-BL-favicon.png?fit=32%2C32&ssl=1
876,cra-arc.gc.ca,https://www.canada.ca/en/revenue-agency/cra-canada.html?utm_campaign=not-applicable&utm_medium=redirect&utm_source=cra-arc.gc.ca_redirect
877,hsbc.com.hk,https://cdn.hsbc.com.hk/etc/designs/dpws/common/favicons/favicon-32x32.png
878,google.ch,https://www.google.ch/favicon.ico
880,sabq.org,https://sabq.org/favicon.ico
883,storm.mg,https://www.storm.mg/favicon.ico
884,gongkong.com,http://www.gongkong.com/favicon.ico
885,rencaijob.com,https://www.rencaijob.com/favicon.ico
886,sudannews365.org,https://sudannews365.org/favicon.ico
887,huawei.com,https://www.huawei.com/favicon.ico
888,tempo.co,https://www.tempo.co/favicon.ico
889,crowd1.com,https://crowd1.com/favicon.ico
890,36kr.com,https://36kr.com/favicon.ico
891,hbomax.com,https://www.hbomax.com/favicon.ico
892,poste.it,https://www.poste.it/404.html
893,exee.io,https://exee.io/favicon.ico
894,axisbank.com,https://www.axisbank.com/favicon.ico
895,vanguard.com,http://vanguard.com/favicon.ico
896,statista.com,https://statista.com/favicon.ico
897,topshop.tmall.com,http://err.tmall.com/error1.html
899,jooble.org,https://jooble.org/favicon.ico
901,triumph.tmall.com,http://err.tmall.com/error1.html
902,bershka.tmall.com,http://err.tmall.com/error1.html
903,yenisafak.com,https://www.yenisafak.com/favicon.ico
904,teacherspayteachers.com,https://www.teacherspayteachers.com:443/favicon.ico
905,baby.tmall.com,https://baby.tmall.com/favicon.ico
906,ebay.it,https://www.ebay.it/favicon.ico
908,iliangcang.com,http://iliangcang.com/favicon.ico
909,guifun.com,http://guifun.com/favicon.ico
910,caf.fr,http://caf.fr//sites/all/themes/caf_v2/favicon.ico
911,sportbible.com,https://www.sportbible.com/assets/favicon-192x192.4e0af9b2c85273eee2cbc18a8f9d0552.png
912,biki.cc,https://www.biki.cc/favicon.ico
913,watch.tmall.com,https://watch.tmall.com/favicon.ico
914,sci-hub.tw,https://sci-hub.tw/favicon.ico
915,kq36.com,https://www.kq36.com/favicon.ico
916,ukr.net,http://www.ukr.net/favicon.ico
917,tagesschau.de,https://www.tagesschau.de/favicon.ico
918,fairwhale.tmall.com,http://err.tmall.com/error1.html
919,pcbaby.com.cn,https://www.pcbaby.com.cn/favicon.ico
920,codal.ir,http://codal.ir//assets/favicon/favicon-32x32.png?v=RyQ5xz7ege
921,syf.com,http://syf.com//images/favicon.ico
922,ouo.io,https://ouo.io/favicon.ico
923,2m.ma,http://2m.ma//static/images/favicon/favicon.ico
924,motor1.com,https://www.motor1.com/favicon.ico
925,politico.com,https://www.politico.com/favicon.ico
926,filmix.co,https://filmix.co/favicon.ico
927,dikaiologitika.gr,https://www.dikaiologitika.gr/favicon.ico
928,thegatewaypundit.com,https://thegatewaypundit.com/favicon.ico
929,elmogaz.com,https://www.elmogaz.com/favicon.ico
931,istockphoto.com,https://www.istockphoto.com/favicon.ico
932,cnbeta.com,https://www.cnbeta.com/favicon.ico
933,mydailymagazine.com,https://mydailymagazine.com/favicon.ico
934,gamer.com.tw,https://gamer.com.tw/favicon.ico
935,jzjncy.com,http://jzjncy.com/favicon.ico
936,dawn.com,https://www.dawn.com/favicon.ico
937,dmm.com,http://p.dmm.com/p/general/favicon.ico
938,iweihai.cn,http://iweihai.cn/favicon.ico
939,python.org,https://www.python.org/favicon.ico
940,cmoney.tw,http://www.cmoney.tw/404.aspx
941,sbrf.ru,https://www.sberbank.ru/ru/person
942,ziprecruiter.com,https://www.ziprecruiter.com/favicon.ico
945,gainreel.tmall.com,http://err.tmall.com/error1.html
946,ubereats.com,https://d3i4yxtzktqr9n.cloudfront.net/web-eats-v2/ca02b85500152d5d47faae4e261ba1e0.ico
947,wiley.com,https://www.wiley.com/favicon.ico
949,urfs.tmall.com,http://assets.alicdn.com/p/mall/base/favicon.ico
950,depositphotos.com,http://depositphotos.com/favicon.ico
951,leagueoflegends.com,https://na.leagueoflegends.com/en-us/favicon.ico/
953,edh.tw,https://www.edh.tw/favicon.ico
954,hollisterco.tmall.com,http://assets.alicdn.com/p/mall/base/favicon.ico
955,intel.com,https://www.intel.com/favicon.ico
956,dagospia.com,https://www.dagospia.com/favicon.ico
957,dhgate.com,http://help.dhgate.com/403_en.php?ecode=6750238658848903882&s=w-hk
958,sehatq.com,https://www.sehatq.com/favicon.ico
959,freecodecamp.org,http://freecodecamp.org//favicon-32x32.png?v=bf35f84ec919f18c70edcef4c694119c
960,hi.ru,http://hi.ru/favicon.ico
961,hamariweb.com,http://hamariweb.com/favicon.ico
963,chinadaily.com.cn,http://chinadaily.com.cn/favicon.ico
965,huamu.cn,http://www.huamu.cn/favicon.ico
966,campograndenews.com.br,http://f088b146830a59b5.cdn.gocache.net/ui/icons/android-icon-192x192.png
967,sports.tmall.com,https://sports.tmall.com/favicon.ico
968,wiktionary.org,https://en.wiktionary.org/favicon.ico
969,turbo.az,https://turbo.az/favicon.ico
970,elmundo.es,https://www.elmundo.es/favicon.ico
971,vrbo.com,https://csvcus.homeaway.com/rsrcs-crs/cdn-logos/5.1.0/sitename/vrbo/web/favicon.ico
972,agenziaentrate.gov.it,https://agenziaentrate.gov.it/favicon.ico
974,nanxie.tmall.com,https://nanxie.tmall.com/favicon.ico
975,eghtesadonline.com,https://www.eghtesadonline.com/favicon.ico
976,alsbbora.info,http://alsbbora.info//favicon.ico
977,icims.com,https://www.icims.com/img/favicon.ico
978,gap.com,https://www.gap.com/favicon.ico
979,convertio.co,https://convertio.co/favicon.ico
980,xbox.com,https://www.xbox.com/favicon.ico
981,republika.co.id,https://republika.co.id:443/favicon.ico
982,itmedia.co.jp,https://www.itmedia.co.jp/
983,ea.com,http://ea.com//assets/images/favicon.png
984,zingnews.vn,https://zingnews.vn/favicon.ico
985,diadona.id,https://www.diadona.id/favicon.ico
986,incometaxindiaefiling.gov.in,https://www.incometaxindiaefiling.gov.in
987,sporx.com,https://www.sporx.com/favicon.ico
989,groupon.com,https://www.groupon.com/favicon.ico
990,huya.com,https://www.huya.com/favicon.ico
991,fotor.com,https://www.fotor.com/favicon.ico
992,hk01.com,https://www.hk01.com
994,abc.es,https://static.abc.es/favicon.ico
995,getresponse.com,https://us-ws.gr-cdn.com/images/global/favicons/favicon-32x32.png
996,americanas.com.br,https://www.americanas.com.br/favicon.ico
997,earthmusic.tmall.com,http://err.tmall.com/error1.html
998,rokna.net,https://www.rokna.net/favicon.ico
1000,livemint.com,https://images.livemint.com/rw/PortalConfig/LiveMint/static_content/images/v2/livemint_favicon.png
